{"total_value_locked":"386919.0787393914108606","pools_count":3,"average_apy":2.107009496678042,"dispatcher_rewards":0}
