{
    "USDC": {
        "min": 40,
        "max": 10040
    },
    "ATOM": {
         "min": 5,
        "max": 2886
    },
    "OSMO": {
         "min": 110,
        "max": 55422
    },
    "ST_OSMO": {
         "min": 55,
        "max": 10055
    },
    "ST_ATOM": {
         "min": 95,
        "max": 48464
    },
    "WETH": {
         "min": 0.0244416608108520,
        "max": 12.217694887505575
    },
    "WBTC": {
         "min": 0.001551116862307744,
        "max": 0.96944803894234
    },
    "AKT": {
         "min": 33,
        "max": 16806
    },
    "JUNO": {
         "min": 302,
        "max": 22642
    },
    "AXL": {
         "min": 110,
        "max": 55463
    },
    "EVMOS": {
         "min": 705,
        "max": 52813
    }
}