{
    "ATOM": 0.0071,
    "OSMO": 0.0072,
    "ST_OSMO": 0.0073,
    "ST_ATOM": 0.0074,
    "WETH": 0.0075,
    "WBTC": 0.0076,
    "AKT": 0.0077,
    "JUNO": 0.0078,
    "AXL": 0.0079,
    "EVMOS": 0.00711,
    "STK_ATOM": 0.00712
}